源岩鉱,<a href="https://wiki3.jp/arknightsjp/page/66"><img src="https://img.wiki3.jp/arknightsjp/Icon_Orirock_size40.png" />&nbsp;源岩鉱</a>
初級源岩,<a href="https://wiki3.jp/arknightsjp/page/67"><img src="https://img.wiki3.jp/arknightsjp/Icon_Orirock_Cube_size40.png" />&nbsp;初級源岩</a>
中級源岩,<a href="https://wiki3.jp/arknightsjp/page/68"><img src="https://img.wiki3.jp/arknightsjp/Icon_Orirock_Cluster_size40.png" />&nbsp;中級源岩</a>
上級源岩,<a href="https://wiki3.jp/arknightsjp/page/69"><img src="https://img.wiki3.jp/arknightsjp/Icon_Orirock_Concentration_size40.png" />&nbsp;上級源岩</a>
破損装置,<a href="https://wiki3.jp/arknightsjp/page/62"><img src="https://img.wiki3.jp/arknightsjp/Icon_Damaged_Device_size40.png" />&nbsp;破損装置</a>
初級装置,<a href="https://wiki3.jp/arknightsjp/page/63"><img src="https://img.wiki3.jp/arknightsjp/Icon_Device_size40.png" />&nbsp;初級装置</a>
中級装置,<a href="https://wiki3.jp/arknightsjp/page/64"><img src="https://img.wiki3.jp/arknightsjp/Icon_Integrated_Device_size40.png" />&nbsp;中級装置</a>
上級装置,<a href="https://wiki3.jp/arknightsjp/page/65"><img src="https://img.wiki3.jp/arknightsjp/Icon_Optimized_Device_size40.png" />&nbsp;上級装置</a>
エステル原料,<a href="https://wiki3.jp/arknightsjp/page/58"><img src="https://img.wiki3.jp/arknightsjp/Icon_Ester_size40.png" />&nbsp;エステル原料</a>
初級エステル,<a href="https://wiki3.jp/arknightsjp/page/59"><img src="https://img.wiki3.jp/arknightsjp/Icon_Polyester_size40.png" />&nbsp;初級エステル</a>
中級エステル,<a href="https://wiki3.jp/arknightsjp/page/60"><img src="https://img.wiki3.jp/arknightsjp/Icon_Polyester_Pack_size40.png" />&nbsp;中級エステル</a>
上級エステル,<a href="https://wiki3.jp/arknightsjp/page/61"><img src="https://img.wiki3.jp/arknightsjp/Icon_Polyester_Lump_size40.png" />&nbsp;上級エステル</a>
ブドウ糖,<a href="https://wiki3.jp/arknightsjp/page/54"><img src="https://img.wiki3.jp/arknightsjp/Icon_Sugar_Substitute_size40.png" />&nbsp;ブドウ糖</a>
初級糖原,<a href="https://wiki3.jp/arknightsjp/page/55"><img src="https://img.wiki3.jp/arknightsjp/Icon_Sugar_size40.png" />&nbsp;初級糖原</a>
中級糖原,<a href="https://wiki3.jp/arknightsjp/page/56"><img src="https://img.wiki3.jp/arknightsjp/Icon_Sugar_Pack_size40.png" />&nbsp;中級糖原</a>
上級糖原,<a href="https://wiki3.jp/arknightsjp/page/57"><img src="https://img.wiki3.jp/arknightsjp/Icon_Sugar_Lump_size40.png" />&nbsp;上級糖原</a>
異鉄の欠片,<a href="https://wiki3.jp/arknightsjp/page/49"><img src="https://img.wiki3.jp/arknightsjp/Icon_Oriron_Shard_size40.png" />&nbsp;異鉄の欠片</a>
初級異鉄,<a href="https://wiki3.jp/arknightsjp/page/48"><img src="https://img.wiki3.jp/arknightsjp/Icon_Oriron_size40.png" />&nbsp;初級異鉄</a>
中級異鉄,<a href="https://wiki3.jp/arknightsjp/page/46"><img src="https://img.wiki3.jp/arknightsjp/Icon_Oriron_Cluster_size40.png" />&nbsp;中級異鉄</a>
上級異鉄,<a href="https://wiki3.jp/arknightsjp/page/47"><img src="https://img.wiki3.jp/arknightsjp/Icon_Oriron_Block_size40.png" />&nbsp;上級異鉄</a>
アケトン試剤,<a href="https://wiki3.jp/arknightsjp/page/42"><img src="https://img.wiki3.jp/arknightsjp/Icon_Diketon_size40.png" />&nbsp;アケトン試剤</a>
初級アケトン,<a href="https://wiki3.jp/arknightsjp/page/43"><img src="https://img.wiki3.jp/arknightsjp/Icon_Polyketon_size40.png" />&nbsp;初級アケトン</a>
中級アケトン,<a href="https://wiki3.jp/arknightsjp/page/44"><img src="https://img.wiki3.jp/arknightsjp/Icon_Aketon_size40.png" />&nbsp;中級アケトン</a>
上級アケトン,<a href="https://wiki3.jp/arknightsjp/page/45"><img src="https://img.wiki3.jp/arknightsjp/Icon_Keton_Colloid_size40.png" />&nbsp;上級アケトン</a>
RMA70-12,<a href="https://wiki3.jp/arknightsjp/page/73"><img src="https://img.wiki3.jp/arknightsjp/Icon_RMA70-12_size40.png" />&nbsp;RMA70-12</a>
RMA70-24,<a href="https://wiki3.jp/arknightsjp/page/72"><img src="https://img.wiki3.jp/arknightsjp/Icon_RMA70-24_size40.png" />&nbsp;RMA70-24</a>
合成コール,<a href="https://wiki3.jp/arknightsjp/page/76"><img src="https://img.wiki3.jp/arknightsjp/Icon_Loxic_Kohl_size40.png" />&nbsp;合成コール</a>
上級合成コール,<a href="https://wiki3.jp/arknightsjp/page/77"><img src="https://img.wiki3.jp/arknightsjp/Icon_White_Horse_Kohl_size40.png" />&nbsp;上級合成コール</a>
砥石,<a href="https://wiki3.jp/arknightsjp/page/74"><img src="https://img.wiki3.jp/arknightsjp/Icon_Grindstone_size40.png" />&nbsp;砥石</a>
上級砥石,<a href="https://wiki3.jp/arknightsjp/page/75"><img src="https://img.wiki3.jp/arknightsjp/Icon_Grindstone_Pentahydrate_size40.png" />&nbsp;上級砥石</a>
マンガン,<a href="https://wiki3.jp/arknightsjp/page/71"><img src="https://img.wiki3.jp/arknightsjp/Icon_Manganese_Ore_size40.png" />&nbsp;マンガン</a>
上級マンガン,<a href="https://wiki3.jp/arknightsjp/page/70"><img src="https://img.wiki3.jp/arknightsjp/Icon_Manganese_Trihydrate_size40.png" />&nbsp;上級マンガン</a>
D32鋼,<a href="https://wiki3.jp/arknightsjp/page/80"><img src="https://img.wiki3.jp/arknightsjp/Icon_D32_Steel_size40.png" />&nbsp;D32鋼</a>
ナノフレーク,<a href="https://wiki3.jp/arknightsjp/page/79"><img src="https://img.wiki3.jp/arknightsjp/Icon_Bipolar_Nanoflake_size40.png" />&nbsp;ナノフレーク</a>
融合剤,<a href="https://wiki3.jp/arknightsjp/page/78"><img src="https://img.wiki3.jp/arknightsjp/Icon_Polymerization_Preparation_size40.png" />&nbsp;融合剤</a>
熾合金,<a href="https://wiki3.jp/arknightsjp/page/431"><img src="https://img.wiki3.jp/arknightsjp/Icon_Incandescent_Alloy_size40.png" />&nbsp;熾合金</a>
上級熾合金,<a href="https://wiki3.jp/arknightsjp/page/430"><img src="https://img.wiki3.jp/arknightsjp/Icon_Incandescent_Alloy_Block_size40.png" />&nbsp;上級熾合金</a>
人工ゲル,<a href="https://wiki3.jp/arknightsjp/page/433"><img src="https://img.wiki3.jp/arknightsjp/Icon_Coagulating_Gel_size40.png" />&nbsp;人工ゲル</a>
融合ゲル,<a href="https://wiki3.jp/arknightsjp/page/432"><img src="https://img.wiki3.jp/arknightsjp/Icon_Polymerized_Gel_size40.png" />&nbsp;融合ゲル</a>
素子結晶,<a href="https://wiki3.jp/arknightsjp/page/522"><img src="https://img.wiki3.jp/arknightsjp/Icon_Crystalline_Component_size40.png" />&nbsp;素子結晶</a>
結晶回路,<a href="https://wiki3.jp/arknightsjp/page/521"><img src="https://img.wiki3.jp/arknightsjp/Icon_Crystalline_Circuit_size40.png" />&nbsp;結晶回路</a>
結晶制御装置,<a href="https://wiki3.jp/arknightsjp/page/520"><img src="https://img.wiki3.jp/arknightsjp/Icon_Crystalline_Electronic_Unit_size40.png" />&nbsp;結晶制御装置</a>
半自然溶剤,<a href="https://wiki3.jp/arknightsjp/page/712"><img src="https://img.wiki3.jp/arknightsjp/Icon_Seminatural_Solvent_size40.png" />&nbsp;半自然溶剤</a>
精錬溶剤,<a href="https://wiki3.jp/arknightsjp/page/713"><img src="https://img.wiki3.jp/arknightsjp/Icon_Refined_Solvent_size40.png" />&nbsp;精錬溶剤</a>
切削液,<a href="https://wiki3.jp/arknightsjp/page/714"><img src="https://img.wiki3.jp/arknightsjp/Icon_Compound_Cutting_Fluid_size40.png" />&nbsp;切削液</a>
上級切削液,<a href="https://wiki3.jp/arknightsjp/page/715"><img src="https://img.wiki3.jp/arknightsjp/Icon_Cutting_Stock_Solution_size40.png" />&nbsp;上級切削液</a>
転化塩,<a href="http://wiki3.jp/arknightsjp/page/1028"><img src="https://img.wiki3.jp/arknightsjp/Icon_MTL_SL_ZY_size40.png" />&nbsp;転化塩</a>
上級転化塩,<a href="http://wiki3.jp/arknightsjp/page/1029"><img src="https://img.wiki3.jp/arknightsjp/Icon_MTL_SL_ZYK_size40.png" />&nbsp;上級転化塩</a>
焼結核凝晶,<a href="http://wiki3.jp/arknightsjp/page/1030"><img src="https://img.wiki3.jp/arknightsjp/Icon_MTL_SL_SHJ_size40.png" />&nbsp;焼結核凝晶</a>
初級先鋒SoC,<a href="https://wiki3.jp/arknightsjp/page/87"><img src="https://img.wiki3.jp/arknightsjp/Icon_Vanguard_Chip_size40.png" />&nbsp;初級先鋒SoC</a>
中級先鋒SoC,<a href="https://wiki3.jp/arknightsjp/page/86"><img src="https://img.wiki3.jp/arknightsjp/Icon_Vanguard_Chip_Pack_size40.png" />&nbsp;中級先鋒SoC</a>
上級先鋒SoC,<a href="https://wiki3.jp/arknightsjp/page/85"><img src="https://img.wiki3.jp/arknightsjp/Icon_Vanguard_Dualchip_size40.png" />&nbsp;上級先鋒SoC</a>
初級前衛SoC,<a href="https://wiki3.jp/arknightsjp/page/96"><img src="https://img.wiki3.jp/arknightsjp/Icon_Guard_Chip_size40.png" />&nbsp;初級前衛SoC</a>
中級前衛SoC,<a href="https://wiki3.jp/arknightsjp/page/95"><img src="https://img.wiki3.jp/arknightsjp/Icon_Guard_Chip_Pack_size40.png" />&nbsp;中級前衛SoC</a>
上級前衛SoC,<a href="https://wiki3.jp/arknightsjp/page/94"><img src="https://img.wiki3.jp/arknightsjp/Icon_Guard_Dualchip_size40.png" />&nbsp;上級前衛SoC</a>
初級重装SoC,<a href="https://wiki3.jp/arknightsjp/page/93"><img src="https://img.wiki3.jp/arknightsjp/Icon_Defender_Chip_size40.png" />&nbsp;初級重装SoC</a>
中級重装SoC,<a href="https://wiki3.jp/arknightsjp/page/92"><img src="https://img.wiki3.jp/arknightsjp/Icon_Defender_Chip_Pack_size40.png" />&nbsp;中級重装SoC</a>
上級重装SoC,<a href="https://wiki3.jp/arknightsjp/page/91"><img src="https://img.wiki3.jp/arknightsjp/Icon_Defender_Dualchip_size40.png" />&nbsp;上級重装SoC</a>
初級狙撃SoC,<a href="https://wiki3.jp/arknightsjp/page/90"><img src="https://img.wiki3.jp/arknightsjp/Icon_Sniper_Chip_size40.png" />&nbsp;初級狙撃SoC</a>
中級狙撃SoC,<a href="https://wiki3.jp/arknightsjp/page/89"><img src="https://img.wiki3.jp/arknightsjp/Icon_Sniper_Chip_Pack_size40.png" />&nbsp;中級狙撃SoC</a>
上級狙撃SoC,<a href="https://wiki3.jp/arknightsjp/page/88"><img src="https://img.wiki3.jp/arknightsjp/Icon_Sniper_Dualchip_size40.png" />&nbsp;上級狙撃SoC</a>
初級術師SoC,<a href="https://wiki3.jp/arknightsjp/page/97"><img src="https://img.wiki3.jp/arknightsjp/Icon_Caster_Chip_size40.png" />&nbsp;初級術師SoC</a>
中級術師SoC,<a href="https://wiki3.jp/arknightsjp/page/98"><img src="https://img.wiki3.jp/arknightsjp/Icon_Caster_Chip_Pack_size40.png" />&nbsp;中級術師SoC</a>
上級術師SoC,<a href="https://wiki3.jp/arknightsjp/page/99"><img src="https://img.wiki3.jp/arknightsjp/Icon_Caster_Dualchip_size40.png" />&nbsp;上級術師SoC</a>
初級医療SoC,<a href="https://wiki3.jp/arknightsjp/page/100"><img src="https://img.wiki3.jp/arknightsjp/Icon_Medic_Chip_size40.png" />&nbsp;初級医療SoC</a>
中級医療SoC,<a href="https://wiki3.jp/arknightsjp/page/101"><img src="https://img.wiki3.jp/arknightsjp/Icon_Medic_Chip_Pack_size40.png" />&nbsp;中級医療SoC</a>
上級医療SoC,<a href="https://wiki3.jp/arknightsjp/page/102"><img src="https://img.wiki3.jp/arknightsjp/Icon_Medic_Dualchip_size40.png" />&nbsp;上級医療SoC</a>
初級補助SoC,<a href="https://wiki3.jp/arknightsjp/page/103"><img src="https://img.wiki3.jp/arknightsjp/Icon_Supporter_Chip_size40.png" />&nbsp;初級補助SoC</a>
中級補助SoC,<a href="https://wiki3.jp/arknightsjp/page/104"><img src="https://img.wiki3.jp/arknightsjp/Icon_Supporter_Chip_Pack_size40.png" />&nbsp;中級補助SoC</a>
上級補助SoC,<a href="https://wiki3.jp/arknightsjp/page/105"><img src="https://img.wiki3.jp/arknightsjp/Icon_Supporter_Dualchip_size40.png" />&nbsp;上級補助SoC</a>
初級特殊SoC,<a href="https://wiki3.jp/arknightsjp/page/108"><img src="https://img.wiki3.jp/arknightsjp/Icon_Specialist_Chip_size40.png" />&nbsp;初級特殊SoC</a>
中級特殊SoC,<a href="https://wiki3.jp/arknightsjp/page/107"><img src="https://img.wiki3.jp/arknightsjp/Icon_Specialist_Chip_Pack_size40.png" />&nbsp;中級特殊SoC</a>
上級特殊SoC,<a href="https://wiki3.jp/arknightsjp/page/106"><img src="https://img.wiki3.jp/arknightsjp/Icon_Specialist_Dualchip_size40.png" />&nbsp;上級特殊SoC</a>
アーツ学Ⅰ,<a href="https://wiki3.jp/arknightsjp/page/81"><img src="https://img.wiki3.jp/arknightsjp/Icon_Skill_Summary-1_size40.png" />&nbsp;アーツ学Ⅰ</a>
アーツ学Ⅱ,<a href="https://wiki3.jp/arknightsjp/page/82"><img src="https://img.wiki3.jp/arknightsjp/Icon_Skill_Summary-2_size40.png" />&nbsp;アーツ学Ⅱ</a>
アーツ学Ⅲ,<a href="https://wiki3.jp/arknightsjp/page/83"><img src="https://img.wiki3.jp/arknightsjp/Icon_Skill_Summary-3_size40.png" />&nbsp;アーツ学Ⅲ</a>
入門作戦記録,<img src="https://img.wiki3.jp/arknightsjp/Icon_Drill_Battle_Record_size40.png" />&nbsp;入門作戦記録
初級作戦記録,<img src="https://img.wiki3.jp/arknightsjp/Icon_Frontline_Battle_Record_size40.png" />&nbsp;初級作戦記録
中級作戦記録,<img src="https://img.wiki3.jp/arknightsjp/Icon_Tactical_Battle_Record_size40.png" />&nbsp;中級作戦記録
上級作戦記録,<img src="https://img.wiki3.jp/arknightsjp/Icon_Strategic_Battle_Record_size40.png" />&nbsp;上級作戦記録
初級炭素材,<img src="https://img.wiki3.jp/arknightsjp/Icon_Carbon_Stick_size40.png" />&nbsp;初級炭素材
中級炭素材,<img src="https://img.wiki3.jp/arknightsjp/Icon_Carbon_Brick_size40.png" />&nbsp;中級炭素材
上級炭素材,<img src="https://img.wiki3.jp/arknightsjp/Icon_Carbon_Pack_size40.png" />&nbsp;上級炭素材
初級補強材,<img src="https://img.wiki3.jp/arknightsjp/Icon_Light_Building_Material_size40.png" />&nbsp;初級補強材
中級補強材,<img src="https://img.wiki3.jp/arknightsjp/Icon_Concrete_Building_Material_size40.png" />&nbsp;中級補強材
上級補強材,<img src="https://img.wiki3.jp/arknightsjp/Icon_Reinforced_Building_Material_size40.png" />&nbsp;上級補強材
家具パーツ,<img src="https://img.wiki3.jp/arknightsjp/Icon_Furniture_Part_size40.png" />&nbsp;家具パーツ
SoC強化剤,<a href="https://wiki3.jp/arknightsjp/page/84"><img src="https://img.wiki3.jp/arknightsjp/Icon_Chip_Catalyst_size40.png" />&nbsp;SoC強化剤</a>
純正源石,<img src="https://img.wiki3.jp/arknightsjp/Icon_Originite_Prime_size40.png" />&nbsp;純正源石
合成玉,<img src="https://img.wiki3.jp/arknightsjp/Icon_Orundum_size40.png" />&nbsp;合成玉
理性,<img src="https://img.wiki3.jp/arknightsjp/Icon_Sanity_size40.png" />&nbsp;理性
名声,<img src="https://img.wiki3.jp/arknightsjp/Icon_EXP_size40.png" />&nbsp;名声
龍門幣,<a href="https://wiki3.jp/arknightsjp/page/109"><img src="https://img.wiki3.jp/arknightsjp/Icon_LMD_size40.png" />&nbsp;龍門幣</a>
10回スカウト券,<img src="https://img.wiki3.jp/arknightsjp/Icon_Ten-roll_Headhunting_Permit_size40.png" />&nbsp;10回スカウト券
スカウト券,<img src="https://img.wiki3.jp/arknightsjp/Icon_Headhunting_Permit_size40.png" />&nbsp;スカウト券
求人票,<img src="https://img.wiki3.jp/arknightsjp/Icon_Recruitment_Permit_size40.png" />&nbsp;求人票
緊急招集票,<img src="https://img.wiki3.jp/arknightsjp/Icon_Expedited_Plan_size40.png" />&nbsp;緊急招集票
純金,<img src="https://img.wiki3.jp/arknightsjp/Icon_Pure_Gold_size40.png" />&nbsp;純金
源石の欠片,<img src="https://img.wiki3.jp/arknightsjp/Icon_Originium_Shard_size40.png" />&nbsp;源石の欠片
竜骨,<img src="https://img.wiki3.jp/arknightsjp/Icon_Keel_size40.png" />&nbsp;竜骨
ドローン,<img src="https://img.wiki3.jp/arknightsjp/Icon_Drone_size40.png" />&nbsp;ドローン
特別引換証,<img src="https://img.wiki3.jp/arknightsjp/Icon_Headhunting_Parametric_Model_size40.png" />&nbsp;特別引換証
上級資格証,<img src="https://img.wiki3.jp/arknightsjp/Icon_Distinction_Certificate_size40.png" />&nbsp;上級資格証
一般資格証,<img src="https://img.wiki3.jp/arknightsjp/Icon_Commendation_Certificate_size40.png" />&nbsp;一般資格証
購買資格証,<img src="https://img.wiki3.jp/arknightsjp/Icon_Purchase_Certificate_size40.png" />&nbsp;購買資格証
情報資格証,<img src="https://img.wiki3.jp/arknightsjp/Icon_Intelligence_Certificate_size40.png" />&nbsp;情報資格証
事象の欠片,<img src="https://img.wiki3.jp/arknightsjp/Icon_Information_Fragments_size40.png" />&nbsp;事象の欠片
事象の結晶,<img src="https://img.wiki3.jp/arknightsjp/Icon_Event_Crystal_size40.png" />&nbsp;事象の結晶
契約賞金,<img src="https://img.wiki3.jp/arknightsjp/Icon_Contract_Bounty_size40.png" />&nbsp;契約賞金
協約の証,<img src="https://img.wiki3.jp/arknightsjp/Icon_Operation_Agreement_size40.png" />&nbsp;協約の証
ID情報更新カード,<img src="https://img.wiki3.jp/arknightsjp/Icon_ID_Info_Update_Card_size40.png" />&nbsp;ID情報更新カード
コーデ引換券,<img src="https://img.wiki3.jp/arknightsjp/Icon_Outfit_Voucher_size40.png" />&nbsp;コーデ引換券
★6招聘指名券,<img src="https://img.wiki3.jp/arknightsjp/Icon_Top_Operator_Transfer_Permit_size40.png" />&nbsp;★6招聘指名券
★5特訓招待状,<img src="https://img.wiki3.jp/arknightsjp/Icon_Senior_Operator_Training_Voucher_size40.png" />&nbsp;★5特訓招待状
エリート特訓装置,<img src="https://img.wiki3.jp/arknightsjp/エリート特訓装置_size40.png" />&nbsp;エリート特訓装置
上級エリート特訓装置,<img src="https://img.wiki3.jp/arknightsjp/上級エリート特訓装置_size40.png" />&nbsp;上級エリート特訓装置
モジュールデータ,<img src="https://img.wiki3.jp/arknightsjp/Icon_Module_Data_Block_size40.png" />&nbsp;モジュールデータ
データ補完マシン,<img src="https://img.wiki3.jp/arknightsjp/Icon_%E3%83%87%E3%83%BC%E3%82%BF%E8%A3%9C%E5%BC%B7%E6%A9%9F_size40.png" />&nbsp;データ補完マシン
データ補完チップ,<img src="https://img.wiki3.jp/arknightsjp/Icon_%E3%83%87%E3%83%BC%E3%82%BF%E8%A3%9C%E5%BC%B7%E6%A3%92_size40.png" />&nbsp;データ補完チップ
PRTS殲滅代理カード,<img src="https://img.wiki3.jp/arknightsjp/PRTS殲滅代理カード_size40.png" />&nbsp;PRTS殲滅代理カード
上級理性回復剤＋,<img src="https://img.wiki3.jp/arknightsjp/Icon_Top_Emergency_Sanity_Potion_120_size40.png" />&nbsp;上級理性回復剤＋
初級理性回復剤＋,<img src="https://img.wiki3.jp/arknightsjp/Icon_Emergency_Sanity_Potion_80_size40.png" />&nbsp;初級理性回復剤＋
上級理性回復剤,<img src="https://img.wiki3.jp/arknightsjp/Icon_Top_Emergency_Sanity_Potion_size40.png" />&nbsp;上級理性回復剤
初級理性回復剤,<img src="https://img.wiki3.jp/arknightsjp/Icon_Emergency_Sanity_Potion_size40.png" />&nbsp;初級理性回復剤
試供理性回復剤,<img src="https://img.wiki3.jp/arknightsjp/Icon_Emergency_Sanity_Sampler_size40.png" />&nbsp;試供理性回復剤
エクシア,<a href="https://wiki3.jp/arknightsjp/page/237"><img src="https://img.wiki3.jp/arknightsjp/エクシア_Exusiai_Icon_size40.jpg" />&nbsp;エクシア</a>
シュヴァルツ,<a href="https://wiki3.jp/arknightsjp/page/234"><img src="https://img.wiki3.jp/arknightsjp/シュバルツ_Schwarz_Icon_size40.jpg" />&nbsp;シュヴァルツ</a>
W,<a href="https://wiki3.jp/arknightsjp/page/415"><img src="https://img.wiki3.jp/arknightsjp/W_Icon_size40.jpg" />&nbsp;W</a>
ロサ,<a href="https://wiki3.jp/arknightsjp/page/429"><img src="https://img.wiki3.jp/arknightsjp/ローサ_Poca_Icon_size40.jpg" />&nbsp;ロサ</a>
ロスモンティス,<a href="https://wiki3.jp/arknightsjp/page/516"><img src="https://img.wiki3.jp/arknightsjp/ローズマリー_Rosmontis_Icon_size40.jpg" />&nbsp;ロスモンティス</a>
アルケット,<a href="https://wiki3.jp/arknightsjp/page/562"><img src="https://img.wiki3.jp/arknightsjp/アルケット_Archetto_Icon_size40.jpg" />&nbsp;アルケット</a>
Ash,<a href="https://wiki3.jp/arknightsjp/page/612"><img src="https://img.wiki3.jp/arknightsjp/アッシュ_Ash_Icon_size40.jpg" />&nbsp;Ash</a>
遊龍チェン,<a href="https://wiki3.jp/arknightsjp/page/684"><img src="https://img.wiki3.jp/arknightsjp/休日威龍チェン_Chen_the_hollingday_Icon_size40.jpg" />&nbsp;遊龍チェン</a>
ファートゥース,<a href="https://wiki3.jp/arknightsjp/page/746"><img src="https://img.wiki3.jp/arknightsjp/ファートゥース_Farthooth_icon_size40.jpg" />&nbsp;ファートゥース</a>
フィアメッタ,<a href="https://wiki3.jp/arknightsjp/page/811"><img src="https://img.wiki3.jp/arknightsjp/フィアメッタ_Fiammetta_icon_size40.jpg" />&nbsp;フィアメッタ</a>
パゼオンカ,<a href="https://wiki3.jp/arknightsjp/page/947"><img src="https://img.wiki3.jp/arknightsjp/パズィオンカ_ПОЗЁМКА_Icon_size40.jpg" />&nbsp;パゼオンカ</a>
アズリウス,<a href="https://wiki3.jp/arknightsjp/page/31"><img src="https://img.wiki3.jp/arknightsjp/ブルーポイズン_BluePoison_Icon_size40.jpg" />&nbsp;アズリウス</a>
プロヴァンス,<a href="https://wiki3.jp/arknightsjp/page/132"><img src="https://img.wiki3.jp/arknightsjp/プロバンス_Provence_Icon_size40.jpg" />&nbsp;プロヴァンス</a>
プラチナ,<a href="https://wiki3.jp/arknightsjp/page/33"><img src="https://img.wiki3.jp/arknightsjp/プラチナ_Platinum_Icon_size40.jpg" />&nbsp;プラチナ</a>
メテオリーテ,<a href="https://wiki3.jp/arknightsjp/page/222"><img src="https://img.wiki3.jp/arknightsjp/メテオリーテ_Meteor_Icon_size40.jpg" />&nbsp;メテオリーテ</a>
ファイヤーウォッチ,<a href="https://wiki3.jp/arknightsjp/page/223"><img src="https://img.wiki3.jp/arknightsjp/ファイヤーウォッチ_Firewatch_Icon_size40.jpg" />&nbsp;ファイヤーウォッチ</a>
イグゼキュター,<a href="https://wiki3.jp/arknightsjp/page/217"><img src="https://img.wiki3.jp/arknightsjp/エグゼキューター_Executor_Icon_size40.jpg" />&nbsp;イグゼキュター</a>
グレースロート,<a href="https://wiki3.jp/arknightsjp/page/220"><img src="https://img.wiki3.jp/arknightsjp/グレイスロート_GreyThroat_Icon_size40.jpg" />&nbsp;グレースロート</a>
シェーシャ,<a href="https://wiki3.jp/arknightsjp/page/390"><img src="https://img.wiki3.jp/arknightsjp/セサ_Sesa_Icon40.jpg" />&nbsp;シェーシャ</a>
アンドレアナ,<a href="https://wiki3.jp/arknightsjp/page/485"><img src="https://img.wiki3.jp/arknightsjp/アンドレアナ_Andreana_Icon_size40.jpg" />&nbsp;アンドレアナ</a>
エイプリル,<a href="https://wiki3.jp/arknightsjp/page/505"><img src="https://img.wiki3.jp/arknightsjp/エイプリル_April_Icon_size40.jpg" />&nbsp;エイプリル</a>
アオスタ,<a href="https://wiki3.jp/arknightsjp/page/512"><img src="https://img.wiki3.jp/arknightsjp/アオスタ_Aosta_Icon_size40.jpg" />&nbsp;アオスタ</a>
トギフォンス,<a href="https://wiki3.jp/arknightsjp/page/621"><img src="https://img.wiki3.jp/arknightsjp/Toddifons_Icon_size40.jpg" />&nbsp;トギフォンス</a>
寒芒クルース,<a href="https://wiki3.jp/arknightsjp/page/778"><img src="https://img.wiki3.jp/arknightsjp/寒芒クルース_KroosTheKeenGlint_icon_size40.jpg" />&nbsp;寒芒クルース</a>
エラト,<a href="https://wiki3.jp/arknightsjp/page/858"><img src="https://img.wiki3.jp/arknightsjp/エラト_Erato_Icon_size40.jpg" />&nbsp;エラト</a>
承曦グレイ,<a href="https://wiki3.jp/arknightsjp/page/924"><img src="https://img.wiki3.jp/arknightsjp/承曦グレイ_GreyyTheLightningbearer_Icon_size40.jpg" />&nbsp;承曦グレイ</a>
ルナカブ,<a href="https://wiki3.jp/arknightsjp/page/1045"><img src="https://img.wiki3.jp/arknightsjp/ルナーカブ_Lunacub_Icon_size40.jpg" />&nbsp;ルナカブ</a>
ジェユン,<a href="https://wiki3.jp/arknightsjp/page/1102"><img src="https://img.wiki3.jp/arknightsjp/ジェユン_Jieyun_Icon_size40.jpg" />&nbsp;ジェユン</a>
メラナイト,<a href="https://wiki3.jp/arknightsjp/page/1251"><img src="https://img.wiki3.jp/arknightsjp/メラナイト_Melanite_Icon_size40.jpg" />&nbsp;メラナイト</a>
インサイダー,<a href="https://wiki3.jp/arknightsjp/page/1311"><img src="https://img.wiki3.jp/arknightsjp/インサイダー_Insider_Icon_size40.jpg" />&nbsp;インサイダー</a>
シラユキ,<a href="https://wiki3.jp/arknightsjp/page/34"><img src="https://img.wiki3.jp/arknightsjp/白雪_ShiraYuki_Icon_size40.jpg" />&nbsp;シラユキ</a>
メテオ,<a href="https://wiki3.jp/arknightsjp/page/19"><img src="https://img.wiki3.jp/arknightsjp/メテオ_Meteor_Icon_size40.jpg" />&nbsp;メテオ</a>
ジェシカ,<a href="https://wiki3.jp/arknightsjp/page/133"><img src="https://img.wiki3.jp/arknightsjp/ジェシカ_Jessica_Icon_size40.jpg" />&nbsp;ジェシカ</a>
ヴァーミル,<a href="https://wiki3.jp/arknightsjp/page/204"><img src="https://img.wiki3.jp/arknightsjp/ヴェルメイユ_Vermeil_Icon_size40.jpg" />&nbsp;ヴァーミル</a>
メイ,<a href="https://wiki3.jp/arknightsjp/page/224"><img src="https://img.wiki3.jp/arknightsjp/メイ_May_Icon_size40.jpg" />&nbsp;メイ</a>
アンブリエル,<a href="https://wiki3.jp/arknightsjp/page/221"><img src="https://img.wiki3.jp/arknightsjp/アンブリエル_Ambriel_Icon_size40.jpg" />&nbsp;アンブリエル</a>
アシッドドロップ,<a href="https://wiki3.jp/arknightsjp/page/487"><img src="https://img.wiki3.jp/arknightsjp/アシッドドロップ_Aciddrop_Icon_size40.jpg" />&nbsp;アシッドドロップ</a>
パインコーン,<a href="https://wiki3.jp/arknightsjp/page/555"><img src="https://img.wiki3.jp/arknightsjp/パインコーン_Pinecorn_Icon_size40.jpg" />&nbsp;パインコーン</a>
トター,<a href="https://wiki3.jp/arknightsjp/page/1021"><img src="https://img.wiki3.jp/arknightsjp/トター_Totter_Icon_size40.jpg" />&nbsp;トター</a>
アドナキエル,<a href="https://wiki3.jp/arknightsjp/page/20"><img src="https://img.wiki3.jp/arknightsjp/アドナキエル_Adnachiel_Icon_size40.jpg" />&nbsp;アドナキエル</a>
クルース,<a href="https://wiki3.jp/arknightsjp/page/135"><img src="https://img.wiki3.jp/arknightsjp/クルース_Kroos_Icon_size40.jpg" />&nbsp;クルース</a>
カタパルト,<a href="https://wiki3.jp/arknightsjp/page/134"><img src="https://img.wiki3.jp/arknightsjp/カタパルト_Catapult_Icon_size40.jpg" />&nbsp;カタパルト</a>
レンジャー,<a href="https://wiki3.jp/arknightsjp/page/21"><img src="https://img.wiki3.jp/arknightsjp/レンジャー_Rangers_Icon_size40.jpg" />&nbsp;レンジャー</a>
ジャスティスナイト,<a href="https://wiki3.jp/arknightsjp/page/750"><img src="https://img.wiki3.jp/arknightsjp/JUSTICE_KNIGHT_Icon_size40.jpg" />&nbsp;ジャスティスナイト</a>
テラ大陸調査団,<a href="https://wiki3.jp/arknightsjp/page/1160"><img src="https://img.wiki3.jp/arknightsjp/%E3%83%86%E3%83%A9%E5%A4%A7%E9%99%B8%E8%AA%BF%E6%9F%BB%E5%9B%A3_TerraResearchCommission_Icon_size40.jpg" />&nbsp;テラ大陸調査団</a>
エイヤフィヤトラ,<a href="https://wiki3.jp/arknightsjp/page/216"><img src="https://img.wiki3.jp/arknightsjp/エイヤフィヤトラ_Eyjafjalla_Icon_size40.jpg" />&nbsp;エイヤフィヤトラ</a>
イフリータ,<a href="https://wiki3.jp/arknightsjp/page/213"><img src="https://img.wiki3.jp/arknightsjp/イフリータ_Ifrit_Icon_size40.jpg" />&nbsp;イフリータ</a>
モスティマ,<a href="https://wiki3.jp/arknightsjp/page/379"><img src="https://img.wiki3.jp/arknightsjp/モスティマ_Mostima_Icon_size40.jpg" />&nbsp;モスティマ</a>
ケオベ,<a href="https://wiki3.jp/arknightsjp/page/407"><img src="https://img.wiki3.jp/arknightsjp/ケオベ_Ceobe_Icon_size40.jpg" />&nbsp;ケオベ</a>
シー,<a href="https://wiki3.jp/arknightsjp/page/591"><img src="https://img.wiki3.jp/arknightsjp/シー_Dusk_Icon_size40.jpg" />&nbsp;シー</a>
パッセンジャー,<a href="https://wiki3.jp/arknightsjp/page/625"><img src="https://img.wiki3.jp/arknightsjp/パッセンジャー_Passenger_Icon_size40_new.jpg" />&nbsp;パッセンジャー</a>
カーネリアン,<a href="https://wiki3.jp/arknightsjp/page/668"><img src="https://img.wiki3.jp/arknightsjp/カーネリアン_Carnelian_Icon_size40.jpg" />&nbsp;カーネリアン</a>
ゴールデングロー,<a href="https://wiki3.jp/arknightsjp/page/796"><img src="https://img.wiki3.jp/arknightsjp/ゴールデングロー_Goldenglow_icon_size40.jpg" />&nbsp;ゴールデングロー</a>
エーベンホルツ,<a href="https://wiki3.jp/arknightsjp/page/871"><img src="https://img.wiki3.jp/arknightsjp/エバンハルツ_Ebenholz_Icon_size40.jpg" />&nbsp;エーベンホルツ</a>
リン,<a href="https://wiki3.jp/arknightsjp/page/1104"><img src="https://img.wiki3.jp/arknightsjp/リン_Lin_Icon_size40.jpg" />&nbsp;リン</a>
ホルハイヤ,<a href="https://wiki3.jp/arknightsjp/page/1245"><img src="https://img.wiki3.jp/arknightsjp/%E3%83%9B%E3%83%AB%E3%83%8F%E3%82%A4%E3%83%A4_Hoolheyak_Icon_size40.jpg" />&nbsp;ホルハイヤ</a>
スカイフレア,<a href="https://wiki3.jp/arknightsjp/page/38"><img src="https://img.wiki3.jp/arknightsjp/スカイフレア_Skyfire_Icon_size40.jpg" />&nbsp;スカイフレア</a>
アーミヤ,<a href="https://wiki3.jp/arknightsjp/page/17"><img src="https://img.wiki3.jp/arknightsjp/アーミヤ_Amiya_Icon_size40.jpg" />&nbsp;アーミヤ</a>
ナイトメア,<a href="https://wiki3.jp/arknightsjp/page/136"><img src="https://img.wiki3.jp/arknightsjp/ナイトメア_Nightmare_Icon_size40.jpg" />&nbsp;ナイトメア</a>
レイズ,<a href="https://wiki3.jp/arknightsjp/page/408"><img src="https://img.wiki3.jp/arknightsjp/レイジー_Leizi_Icon_size40.jpg" />&nbsp;レイズ</a>
レオンハルト,<a href="https://wiki3.jp/arknightsjp/page/434"><img src="https://img.wiki3.jp/arknightsjp/レオンハルト_Leonhardt_Icon_size40.jpg" />&nbsp;レオンハルト</a>
アブサント,<a href="https://wiki3.jp/arknightsjp/page/435"><img src="https://img.wiki3.jp/arknightsjp/アブサン_Absinthe_Icon_size40.jpg" />&nbsp;アブサント</a>
ビーズワクス,<a href="https://wiki3.jp/arknightsjp/page/480"><img src="https://img.wiki3.jp/arknightsjp/ビーズワックス_Beeswax_Icon_size40.jpg" />&nbsp;ビーズワクス</a>
トミミ,<a href="https://wiki3.jp/arknightsjp/page/491"><img src="https://img.wiki3.jp/arknightsjp/トミミ_Tomimi_Icon_size40.jpg" />&nbsp;トミミ</a>
ミント,<a href="https://wiki3.jp/arknightsjp/page/504"><img src="https://img.wiki3.jp/arknightsjp/ミント_Mint_Icon_size40.jpg" />&nbsp;ミント</a>
アイリス,<a href="https://wiki3.jp/arknightsjp/page/564"><img src="https://img.wiki3.jp/arknightsjp/アイリス_Iris_Icon_size40.jpg" />&nbsp;アイリス</a>
炎獄ラヴァ,<a href="https://wiki3.jp/arknightsjp/page/576"><img src="https://img.wiki3.jp/arknightsjp/プルガトリ_Purgatory_Icon_size40.jpg" />&nbsp;炎獄ラヴァ</a>
コロセラム,<a href="https://wiki3.jp/arknightsjp/page/754"><img src="https://img.wiki3.jp/arknightsjp/コロッセラム_Icon_size40.jpg" />&nbsp;コロセラム</a>
イェラ,<a href="https://wiki3.jp/arknightsjp/page/765"><img src="https://img.wiki3.jp/arknightsjp/シェラ_Kjera_Icon_size40.jpg" />&nbsp;イェラ</a>
ロックロック,<a href="https://wiki3.jp/arknightsjp/page/816"><img src="https://img.wiki3.jp/arknightsjp/ロックロック_Rockrock_Icon_size40.jpg" />&nbsp;ロックロック</a>
アステジーニ,<a href="https://wiki3.jp/arknightsjp/page/923"><img src="https://img.wiki3.jp/arknightsjp/アストジェンヌ_Astgenne_Icon_size40.jpg" />&nbsp;アステジーニ</a>
ミニマリスト,<a href="https://wiki3.jp/arknightsjp/page/948"><img src="https://img.wiki3.jp/arknightsjp/ミニマリスト_Minimalist_Icon_size40.jpg" />&nbsp;ミニマリスト</a>
カニパラート,<a href="https://wiki3.jp/arknightsjp/page/1046"><img src="https://img.wiki3.jp/arknightsjp/カニパラート_Qanipalaat_Icon_size40.jpg" />&nbsp;カニパラート</a>
ハーモニー,<a href="https://wiki3.jp/arknightsjp/page/1057"><img src="https://img.wiki3.jp/arknightsjp/アルモニ_Harmonie_Icon_size40.jpg" />&nbsp;ハーモニー</a>
ヘイズ,<a href="https://wiki3.jp/arknightsjp/page/137"><img src="https://img.wiki3.jp/arknightsjp/ヘイズ_Haze_Icon_size40.jpg" />&nbsp;ヘイズ</a>
ギターノ,<a href="https://wiki3.jp/arknightsjp/page/143"><img src="https://img.wiki3.jp/arknightsjp/ジターノ_Gitano_Icon_size40.jpg" />&nbsp;ギターノ</a>
グレイ,<a href="https://wiki3.jp/arknightsjp/page/138"><img src="https://img.wiki3.jp/arknightsjp/グレイ_Grevy_Icon_size40.jpg" />&nbsp;グレイ</a>
カシャ,<a href="https://wiki3.jp/arknightsjp/page/471"><img src="https://img.wiki3.jp/arknightsjp/クリック_Click_Icon_size40.jpg" />&nbsp;カシャ</a>
インディゴ,<a href="https://wiki3.jp/arknightsjp/page/663"><img src="https://img.wiki3.jp/arknightsjp/インディゴ_Indigo_Icon_size40.jpg" />&nbsp;インディゴ</a>
プリン,<a href="https://wiki3.jp/arknightsjp/page/751"><img src="https://img.wiki3.jp/arknightsjp/プリン_Icon_size40.jpg" />&nbsp;プリン</a>
ラヴァ,<a href="https://wiki3.jp/arknightsjp/page/16"><img src="https://img.wiki3.jp/arknightsjp/ラヴァ_Lava_Icon_size40.jpg" />&nbsp;ラヴァ</a>
スチュワード,<a href="https://wiki3.jp/arknightsjp/page/139"><img src="https://img.wiki3.jp/arknightsjp/スチュワード_Steward_Icon_size40.jpg" />&nbsp;スチュワード</a>
12F,<a href="https://wiki3.jp/arknightsjp/page/22"><img src="https://img.wiki3.jp/arknightsjp/12F_12F_Icon_size40.jpg" />&nbsp;12F</a>
ドゥリン,<a href="https://wiki3.jp/arknightsjp/page/140"><img src="https://img.wiki3.jp/arknightsjp/ドゥリン_Durin_Icon_size40.jpg" />&nbsp;ドゥリン</a>
シージ,<a href="https://wiki3.jp/arknightsjp/page/207"><img src="https://img.wiki3.jp/arknightsjp/シージ_Siege_Icon_size40.jpg" />&nbsp;シージ</a>
バグパイプ,<a href="https://wiki3.jp/arknightsjp/page/388"><img src="https://img.wiki3.jp/arknightsjp/バグパイプ_Bagpipe_Icon40.jpg" />&nbsp;バグパイプ</a>
サガ,<a href="https://wiki3.jp/arknightsjp/page/585"><img src="https://img.wiki3.jp/arknightsjp/サガ_Saga_Icon_size40.jpg" />&nbsp;サガ</a>
サイラッハ,<a href="https://wiki3.jp/arknightsjp/page/711"><img src="https://img.wiki3.jp/arknightsjp/サイリーチ_Saileach_Icon_size40.jpg" />&nbsp;サイラッハ</a>
フレイムテイル,<a href="https://wiki3.jp/arknightsjp/page/749"><img src="https://img.wiki3.jp/arknightsjp/フレームテール_Icon_size40.jpg" />&nbsp;フレイムテイル</a>
ヴィジェル,<a href="https://wiki3.jp/arknightsjp/page/1044"><img src="https://img.wiki3.jp/arknightsjp/ヴィジル_Vigil_Icon_size40.jpg" />&nbsp;ヴィジェル</a>
イネス,<a href="https://wiki3.jp/arknightsjp/page/1194"><img src="https://img.wiki3.jp/arknightsjp/イネス_Ines_Icon_size40.jpg" />&nbsp;イネス</a>
ミュルジス,<a href="https://wiki3.jp/arknightsjp/page/1244"><img src="https://img.wiki3.jp/arknightsjp/%E3%83%9F%E3%83%A5%E3%83%AB%E3%82%B8%E3%82%B9_Muelsyse_Icon_size40.jpg" />&nbsp;ミュルジス</a>
テキサス,<a href="https://wiki3.jp/arknightsjp/page/164"><img src="https://img.wiki3.jp/arknightsjp/テキサス_Texas_Icon_size40.jpg" />&nbsp;テキサス</a>
ズィマー,<a href="https://wiki3.jp/arknightsjp/page/202"><img src="https://img.wiki3.jp/arknightsjp/ジマー_Зима_Icon_size40.jpg" />&nbsp;ズィマー</a>
グラニ,<a href="https://wiki3.jp/arknightsjp/page/215"><img src="https://img.wiki3.jp/arknightsjp/グラニ_Grani_Icon_size40.jpg" />&nbsp;グラニ</a>
リード,<a href="https://wiki3.jp/arknightsjp/page/225"><img src="https://img.wiki3.jp/arknightsjp/リード_Reed_Icon_size40.jpg" />&nbsp;リード</a>
エリジウム,<a href="https://wiki3.jp/arknightsjp/page/417"><img src="https://img.wiki3.jp/arknightsjp/エリジウム_Elysium_Icon_size40.jpg" />&nbsp;エリジウム</a>
キアーベ,<a href="https://wiki3.jp/arknightsjp/page/479"><img src="https://img.wiki3.jp/arknightsjp/キアーベ_Chiave_Icon_size40.jpg" />&nbsp;キアーベ</a>
ワイルドメイン,<a href="https://wiki3.jp/arknightsjp/page/753"><img src="https://img.wiki3.jp/arknightsjp/ワイルドメイン_Icon_size40.jpg" />&nbsp;ワイルドメイン</a>
ブラックナイト,<a href="https://wiki3.jp/arknightsjp/page/779"><img src="https://img.wiki3.jp/arknightsjp/ヤハン__Blacknight_icon_size40.jpg" />&nbsp;ブラックナイト</a>
カンタービレ,<a href="https://wiki3.jp/arknightsjp/page/949"><img src="https://img.wiki3.jp/arknightsjp/カンタービレ_Cantabile_Icon_size40.jpg" />&nbsp;カンタービレ</a>
パズル,<a href="https://wiki3.jp/arknightsjp/page/1056"><img src="https://img.wiki3.jp/arknightsjp/%E3%83%91%E3%82%BA%E3%83%AB_Puzzle_Icon_size40.jpg" />&nbsp;パズル</a>
スカベンジャー,<a href="https://wiki3.jp/arknightsjp/page/32"><img src="https://img.wiki3.jp/arknightsjp/スカベンジャー_Scavenger_Icon_size40.jpg" />&nbsp;スカベンジャー</a>
ヴィグナ,<a href="https://wiki3.jp/arknightsjp/page/110"><img src="https://img.wiki3.jp/arknightsjp/ビグナ_Vigna_Icon_size40.jpg" />&nbsp;ヴィグナ</a>
クーリエ,<a href="https://wiki3.jp/arknightsjp/page/141"><img src="https://img.wiki3.jp/arknightsjp/クーリエ_Courier_Icon_size40.jpg" />&nbsp;クーリエ</a>
ビーンストーク,<a href="https://wiki3.jp/arknightsjp/page/563"><img src="https://img.wiki3.jp/arknightsjp/ビーンストーク_Beanstalk_Icon_size40.jpg" />&nbsp;ビーンストーク</a>
バニラ,<a href="https://wiki3.jp/arknightsjp/page/144"><img src="https://img.wiki3.jp/arknightsjp/バニラ_Vanilla_Icon_size40.jpg" />&nbsp;バニラ</a>
プリュム,<a href="https://wiki3.jp/arknightsjp/page/23"><img src="https://img.wiki3.jp/arknightsjp/プリム_Plume_Icon_size40.jpg" />&nbsp;プリュム</a>
フェン,<a href="https://wiki3.jp/arknightsjp/page/24"><img src="https://img.wiki3.jp/arknightsjp/フェン_Fang_Icon_size40.jpg" />&nbsp;フェン</a>
ヤトウ,<a href="https://wiki3.jp/arknightsjp/page/25"><img src="https://img.wiki3.jp/arknightsjp/夜刀_Yato_Icon_size40.jpg" />&nbsp;ヤトウ</a>
シルバーアッシュ,<a href="https://wiki3.jp/arknightsjp/page/40"><img src="https://img.wiki3.jp/arknightsjp/シルバッシュ_SilverAsh_Icon_size40.jpg" />&nbsp;シルバーアッシュ</a>
スカジ,<a href="https://wiki3.jp/arknightsjp/page/206"><img src="https://img.wiki3.jp/arknightsjp/スカディ_Skadi_Icon_size40.jpg" />&nbsp;スカジ</a>
チェン,<a href="https://wiki3.jp/arknightsjp/page/131"><img src="https://img.wiki3.jp/arknightsjp/陳_Chen_Icon_size40.jpg" />&nbsp;チェン</a>
ヘラグ,<a href="https://wiki3.jp/arknightsjp/page/346"><img src="https://img.wiki3.jp/arknightsjp/ヘラガー_Hellagur_Icon_size40.jpg" />&nbsp;ヘラグ</a>
ブレイズ,<a href="https://wiki3.jp/arknightsjp/page/396"><img src="https://img.wiki3.jp/arknightsjp/ブレイズ_Blaze_Icon_size40.jpg" />&nbsp;ブレイズ</a>
ソーンズ,<a href="https://wiki3.jp/arknightsjp/page/483"><img src="https://img.wiki3.jp/arknightsjp/ソーンズ_Thorns_Icon_size40.jpg" />&nbsp;ソーンズ</a>
スルト,<a href="https://wiki3.jp/arknightsjp/page/506"><img src="https://img.wiki3.jp/arknightsjp/スルト_Surtr_Icon_size40.jpg" />&nbsp;スルト</a>
マウンテン,<a href="https://wiki3.jp/arknightsjp/page/554"><img src="https://img.wiki3.jp/arknightsjp/マウンテン_Mountain_Icon_size40.jpg" />&nbsp;マウンテン</a>
パラス,<a href="https://wiki3.jp/arknightsjp/page/678"><img src="https://img.wiki3.jp/arknightsjp/パラス_Pallas_Icon_size40.jpg" />&nbsp;パラス</a>
耀騎士ニアール,<a href="https://wiki3.jp/arknightsjp/page/748"><img src="https://img.wiki3.jp/arknightsjp/耀騎士ニアール_Icon_size40.jpg" />&nbsp;耀騎士ニアール</a>
アイリーニ,<a href="https://wiki3.jp/arknightsjp/page/846"><img src="https://img.wiki3.jp/arknightsjp/アイリーニ_Irene_Icon_size40.jpg" />&nbsp;アイリーニ</a>
百錬ガヴィル,<a href="https://wiki3.jp/arknightsjp/page/946"><img src="https://img.wiki3.jp/arknightsjp/百錬ガヴィル_GavialtheInvincible_Icon_size40.jpg" />&nbsp;百錬ガヴィル</a>
ムリナール,<a href="https://wiki3.jp/arknightsjp/page/968"><img src="https://img.wiki3.jp/arknightsjp/ムリナール_Mlynar_Icon_size40.jpg" />&nbsp;ムリナール</a>
チョンユエ,<a href="https://wiki3.jp/arknightsjp/page/1103"><img src="https://img.wiki3.jp/arknightsjp/チョンユエ_Chongyue_Icon_size40.jpg" />&nbsp;チョンユエ</a>
チュウバイ,<a href="https://wiki3.jp/arknightsjp/page/1140"><img src="https://img.wiki3.jp/arknightsjp/%E3%83%81%E3%83%A5%E3%82%A6%E3%83%90%E3%82%A4_Qiubai_Icon_size40.jpg" />&nbsp;チュウバイ</a>
聖約イグゼキュター,<a href="https://wiki3.jp/arknightsjp/page/1314"><img src="https://img.wiki3.jp/arknightsjp/聖約イグゼキュター_ExecutorTheExFoedere_Icon_size40.jpg" />&nbsp;聖約イグゼキュター</a>
サベージ,<a href="https://wiki3.jp/arknightsjp/page/26"><img src="https://img.wiki3.jp/arknightsjp/サベージ_Savage_Icon_size40.jpg" />&nbsp;サベージ</a>
フランカ,<a href="https://wiki3.jp/arknightsjp/page/226"><img src="https://img.wiki3.jp/arknightsjp/フランカ_Franka_Icon_size40.jpg" />&nbsp;フランカ</a>
ラップランド,<a href="https://wiki3.jp/arknightsjp/page/212"><img src="https://img.wiki3.jp/arknightsjp/ラップランド_Lappland_Icon_size40.jpg" />&nbsp;ラップランド</a>
スペクター,<a href="https://wiki3.jp/arknightsjp/page/205"><img src="https://img.wiki3.jp/arknightsjp/スペクター_Specter_Icon_size40.jpg" />&nbsp;スペクター</a>
インドラ,<a href="https://wiki3.jp/arknightsjp/page/338"><img src="https://img.wiki3.jp/arknightsjp/インドラ_Indra_Icon_size40.jpg" />&nbsp;インドラ</a>
スワイヤー,<a href="https://wiki3.jp/arknightsjp/page/145"><img src="https://img.wiki3.jp/arknightsjp/スワイア_Swire_Icon_size40.jpg" />&nbsp;スワイヤー</a>
エンカク,<a href="https://wiki3.jp/arknightsjp/page/167"><img src="https://img.wiki3.jp/arknightsjp/フレームブリンガー_Flamebringer_Icon_size40.jpg" />&nbsp;エンカク</a>
アステシア,<a href="https://wiki3.jp/arknightsjp/page/347"><img src="https://img.wiki3.jp/arknightsjp/アステシア_Astesia_Icon_size40.jpg" />&nbsp;アステシア</a>
ブローカ,<a href="https://wiki3.jp/arknightsjp/page/409"><img src="https://img.wiki3.jp/arknightsjp/ブローカ_Broca_Icon_size40.jpg" />&nbsp;ブローカ</a>
バイビーク,<a href="https://wiki3.jp/arknightsjp/page/391"><img src="https://img.wiki3.jp/arknightsjp/バイビーク_Bibeak_Icon_size40.jpg" />&nbsp;バイビーク</a>
シデロカ,<a href="https://wiki3.jp/arknightsjp/page/405"><img src="https://img.wiki3.jp/arknightsjp/シデロカ_Sideroca_Icon_size40.jpg" />&nbsp;シデロカ</a>
エアースカーペ,<a href="https://wiki3.jp/arknightsjp/page/469"><img src="https://img.wiki3.jp/arknightsjp/エアースカーペ_Ayerscarpe_Icon_size40.jpg" />&nbsp;エアースカーペ</a>
フリント,<a href="https://wiki3.jp/arknightsjp/page/492"><img src="https://img.wiki3.jp/arknightsjp/フリント_Flint_Icon_size40.jpg" />&nbsp;フリント</a>
ウィスラッシュ,<a href="https://wiki3.jp/arknightsjp/page/511"><img src="https://img.wiki3.jp/arknightsjp/ウィスラッシュ_Whislash_Icon_size40.jpg" />&nbsp;ウィスラッシュ</a>
Tachanka,<a href="https://wiki3.jp/arknightsjp/page/607"><img src="https://img.wiki3.jp/arknightsjp/タチャンカ_Tachanka_Icon_size40.jpg" />&nbsp;Tachanka</a>
アカフユ,<a href="https://wiki3.jp/arknightsjp/page/651"><img src="https://img.wiki3.jp/arknightsjp/アカフユ_Akafuyu_Icon_size40.jpg" />&nbsp;アカフユ</a>
テキーラ,<a href="https://wiki3.jp/arknightsjp/page/686"><img src="https://img.wiki3.jp/arknightsjp/テキーラ_Teouila_Icon_size40.jpg" />&nbsp;テキーラ</a>
ラ・プルマ,<a href="https://wiki3.jp/arknightsjp/page/687"><img src="https://img.wiki3.jp/arknightsjp/ラプルーマ_La_pluma_Icon_size40.jpg" />&nbsp;ラ・プルマ</a>
ハイモア,<a href="https://wiki3.jp/arknightsjp/page/1008"><img src="https://img.wiki3.jp/arknightsjp/ハイモアー_Highmore_Icon_size40.jpg" />&nbsp;ハイモア</a>
ダグザ,<a href="https://wiki3.jp/arknightsjp/page/1018"><img src="https://img.wiki3.jp/arknightsjp/ダグザ_Dagda_Icon_size40.jpg" />&nbsp;ダグザ</a>
ウインドチャイム,<a href="https://wiki3.jp/arknightsjp/page/1142"><img src="https://img.wiki3.jp/arknightsjp/%E3%82%A6%E3%82%A4%E3%83%B3%E3%83%89%E3%83%81%E3%83%A3%E3%82%A4%E3%83%A0_WindChimes_Icon_size40.jpg" />&nbsp;ウインドチャイム</a>
レウスSノイルホーン,<a href="https://wiki3.jp/arknightsjp/page/1161"><img src="https://img.wiki3.jp/arknightsjp/%E3%83%AC%E3%82%A6%E3%82%B9S%E3%83%8E%E3%82%A4%E3%83%AB%E3%83%9B%E3%83%BC%E3%83%B3_RathalosSNoirCorne_Icon_size40.jpg" />&nbsp;レウスSノイルホーン</a>
モーガン,<a href="http://wiki3.jp/arknightsjp/page/1198"><img src="https://img.wiki3.jp/arknightsjp/%E3%83%A2%E3%83%BC%E3%82%AC%E3%83%B3_Morgan_Icon_size40.jpg" />&nbsp;モーガン</a>
ドーベルマン,<a href="https://wiki3.jp/arknightsjp/page/146"><img src="https://img.wiki3.jp/arknightsjp/ドーベルマン_Dobermann_Icon_size40.jpg" />&nbsp;ドーベルマン</a>
フロストリーフ,<a href="https://wiki3.jp/arknightsjp/page/113"><img src="https://img.wiki3.jp/arknightsjp/フロストリーフ_Frostleaf_Icon_size40.jpg" />&nbsp;フロストリーフ</a>
マトイマル,<a href="https://wiki3.jp/arknightsjp/page/121"><img src="https://img.wiki3.jp/arknightsjp/纏丸_Matoimaru_Icon_size40.jpg" />&nbsp;マトイマル</a>
ムース,<a href="https://wiki3.jp/arknightsjp/page/148"><img src="https://img.wiki3.jp/arknightsjp/マウス_Mousse_Icon_size40.jpg" />&nbsp;ムース</a>
エステル,<a href="https://wiki3.jp/arknightsjp/page/218"><img src="https://img.wiki3.jp/arknightsjp/エステル_Estelle_Icon_size40.jpg" />&nbsp;エステル</a>
ビーハンター,<a href="https://wiki3.jp/arknightsjp/page/147"><img src="https://img.wiki3.jp/arknightsjp/ビーハンター_Beehunter_Icon_size40.jpg" />&nbsp;ビーハンター</a>
ウタゲ,<a href="https://wiki3.jp/arknightsjp/page/392"><img src="https://img.wiki3.jp/arknightsjp/ウタゲ_Utage_Icon_size40.jpg" />&nbsp;ウタゲ</a>
カッター,<a href="https://wiki3.jp/arknightsjp/page/406"><img src="https://img.wiki3.jp/arknightsjp/カッター_Cutter_Icon_size40.jpg" />&nbsp;カッター</a>
コンビクション,<a href="https://wiki3.jp/arknightsjp/page/414"><img src="https://img.wiki3.jp/arknightsjp/コンヴィクション_Conviction_Icon_size40.jpg" />&nbsp;コンビクション</a>
アレーン,<a href="https://wiki3.jp/arknightsjp/page/503"><img src="https://img.wiki3.jp/arknightsjp/アレーン_Arene_Icon_size40.jpg" />&nbsp;アレーン</a>
ジャッキー,<a href="https://wiki3.jp/arknightsjp/page/519"><img src="https://img.wiki3.jp/arknightsjp/ジャッキー_Jackie_Icon_size40.jpg" />&nbsp;ジャッキー</a>
羅小黒,<a href="https://wiki3.jp/arknightsjp/page/974"><img src="https://img.wiki3.jp/arknightsjp/羅小黒_LuoXiaohet_Icon_size40.jpg" />&nbsp;羅小黒</a>
クォーツ,<a href="https://wiki3.jp/arknightsjp/page/1047"><img src="https://img.wiki3.jp/arknightsjp/クォーツ_Quartz_Icon_size40.jpg" />&nbsp;クォーツ</a>
ヒューマス,<a href="https://wiki3.jp/arknightsjp/page/1205"><img src="https://img.wiki3.jp/arknightsjp/%E3%83%92%E3%83%A5%E3%83%BC%E3%83%9E%E3%82%B9_Humus_Icon_size40.jpg" />&nbsp;ヒューマス</a>
メランサ,<a href="https://wiki3.jp/arknightsjp/page/114"><img src="https://img.wiki3.jp/arknightsjp/メランサ_Melantha_Icon_size40.jpg" />&nbsp;メランサ</a>
ミッドナイト,<a href="https://wiki3.jp/arknightsjp/page/227"><img src="https://img.wiki3.jp/arknightsjp/ミッドナイト_Midnight_Icon_size40.jpg" />&nbsp;ミッドナイト</a>
ポプカル,<a href="https://wiki3.jp/arknightsjp/page/228"><img src="https://img.wiki3.jp/arknightsjp/ポプカル_Popukar_Icon_size40.jpg" />&nbsp;ポプカル</a>
Castle-3,<a href="https://wiki3.jp/arknightsjp/page/233"><img src="https://img.wiki3.jp/arknightsjp/Castle_3_Icon_size40.jpg" />&nbsp;Castle-3</a>
ホシグマ,<a href="https://wiki3.jp/arknightsjp/page/214"><img src="https://img.wiki3.jp/arknightsjp/星熊_Hoshiguma_Icon_size40.jpg" />&nbsp;ホシグマ</a>
サリア,<a href="https://wiki3.jp/arknightsjp/page/208"><img src="https://img.wiki3.jp/arknightsjp/サリア_Saria_Icon_size40.jpg" />&nbsp;サリア</a>
ニェン,<a href="https://wiki3.jp/arknightsjp/page/382"><img src="https://img.wiki3.jp/arknightsjp/ニアン_Nian_Icon_size40.jpg" />&nbsp;ニェン</a>
ユーネクテス,<a href="https://wiki3.jp/arknightsjp/page/493"><img src="https://img.wiki3.jp/arknightsjp/ユネックティス_Eunectes_Icon_size40.jpg" />&nbsp;ユーネクテス</a>
ブレミシャイン,<a href="https://wiki3.jp/arknightsjp/page/510"><img src="https://img.wiki3.jp/arknightsjp/ブレミシャイン_Blemishine_Icon_size40.jpg" />&nbsp;ブレミシャイン</a>
マドロック,<a href="https://wiki3.jp/arknightsjp/page/517"><img src="https://img.wiki3.jp/arknightsjp/マドロック_Mudrock_Icon_size40.jpg" />&nbsp;マドロック</a>
ホルン,<a href="https://wiki3.jp/arknightsjp/page/817"><img src="https://img.wiki3.jp/arknightsjp/ホルン_Horn_Icon_size40.jpg" />&nbsp;ホルン</a>
ペナンス,<a href="https://wiki3.jp/arknightsjp/page/1043"><img src="https://img.wiki3.jp/arknightsjp/ペナンチェ_Penance_Icon_size40.jpg" />&nbsp;ペナンス</a>
ニアール,<a href="https://wiki3.jp/arknightsjp/page/30"><img src="https://img.wiki3.jp/arknightsjp/ニアール_Nearl_Icon_size40.jpg" />&nbsp;ニアール</a>
リスカム,<a href="https://wiki3.jp/arknightsjp/page/149"><img src="https://img.wiki3.jp/arknightsjp/リスカーム_Liskarm_Icon_size40.jpg" />&nbsp;リスカム</a>
クロワッサン,<a href="https://wiki3.jp/arknightsjp/page/219"><img src="https://img.wiki3.jp/arknightsjp/クロワッサン_Croissant_Icon_size40.jpg" />&nbsp;クロワッサン</a>
ヴァルカン,<a href="https://wiki3.jp/arknightsjp/page/203"><img src="https://img.wiki3.jp/arknightsjp/ヴァルカン_Vulcan_Icon_size40.jpg" />&nbsp;ヴァルカン</a>
バイソン,<a href="https://wiki3.jp/arknightsjp/page/229"><img src="https://img.wiki3.jp/arknightsjp/バイソン_Bison_Icon_size40.jpg" />&nbsp;バイソン</a>
ウン,<a href="https://wiki3.jp/arknightsjp/page/412"><img src="https://img.wiki3.jp/arknightsjp/ウン_Hung_Icon_size40.jpg" />&nbsp;ウン</a>
アスベストス,<a href="https://wiki3.jp/arknightsjp/page/462"><img src="https://img.wiki3.jp/arknightsjp/アスベストス_Asbestos_Icon_size40.jpg" />&nbsp;アスベストス</a>
Blitz,<a href="https://wiki3.jp/arknightsjp/page/608"><img src="https://img.wiki3.jp/arknightsjp/ブリッツ_Blitz_Icon_size40.jpg" />&nbsp;Blitz</a>
ヘビーレイン,<a href="https://wiki3.jp/arknightsjp/page/620"><img src="https://img.wiki3.jp/arknightsjp/ヘビーレイン_Heavyrain_Icon_size40.jpeg" />&nbsp;ヘビーレイン</a>
アッシュロック,<a href="https://wiki3.jp/arknightsjp/page/745"><img src="https://img.wiki3.jp/arknightsjp/アッシュロック_ashlock_icon_size40.jpg" />&nbsp;アッシュロック</a>
オーロラ,<a href="https://wiki3.jp/arknightsjp/page/766"><img src="https://img.wiki3.jp/arknightsjp/オーロラ_Aurora_Icon_size40.jpg" />&nbsp;オーロラ</a>
シャレム,<a href="https://wiki3.jp/arknightsjp/page/771"><img src="https://img.wiki3.jp/arknightsjp/シャレム_Shalem_Icon_size40.jpg" />&nbsp;シャレム</a>
ツェルニー,<a href="https://wiki3.jp/arknightsjp/page/870"><img src="https://img.wiki3.jp/arknightsjp/ツェルニー_Czerny_Icon_size40.jpg" />&nbsp;ツェルニー</a>
ファイヤーホイッスル,<a href="https://wiki3.jp/arknightsjp/page/1106"><img src="https://img.wiki3.jp/arknightsjp/ファイヤーホイッスル_Firewhistle_Icon_size40.jpg" />&nbsp;ファイヤーホイッスル</a>
セメント,<a href="https://wiki3.jp/arknightsjp/page/1201"><img src="https://img.wiki3.jp/arknightsjp/%E3%82%BB%E3%83%A1%E3%83%B3%E3%83%88_Cement_Icon_size40.jpg" />&nbsp;セメント</a>
クオーラ,<a href="https://wiki3.jp/arknightsjp/page/41"><img src="https://img.wiki3.jp/arknightsjp/クオラ_Cuora_Icon_size40.jpg" />&nbsp;クオーラ</a>
マッターホルン,<a href="https://wiki3.jp/arknightsjp/page/150"><img src="https://img.wiki3.jp/arknightsjp/マッターホルン_Matterhorn_Icon_size40.jpg" />&nbsp;マッターホルン</a>
グム,<a href="https://wiki3.jp/arknightsjp/page/151"><img src="https://img.wiki3.jp/arknightsjp/グマ_ГУМ_Icon_size40.jpg" />&nbsp;グム</a>
ジュナー,<a href="https://wiki3.jp/arknightsjp/page/166"><img src="https://img.wiki3.jp/arknightsjp/ジュナー_Dur_nar_Icon_size40.jpg" />&nbsp;ジュナー</a>
バブル,<a href="https://wiki3.jp/arknightsjp/page/513"><img src="https://img.wiki3.jp/arknightsjp/バブル_Bubble_Icon_size40.jpg" />&nbsp;バブル</a>
ビーグル,<a href="https://wiki3.jp/arknightsjp/page/27"><img src="https://img.wiki3.jp/arknightsjp/ビーグル_Beagle_Icon_size40.jpg" />&nbsp;ビーグル</a>
スポット,<a href="https://wiki3.jp/arknightsjp/page/153"><img src="https://img.wiki3.jp/arknightsjp/スポット_Spot_Icon_size40.jpg" />&nbsp;スポット</a>
ノイルホーン,<a href="https://wiki3.jp/arknightsjp/page/28"><img src="https://img.wiki3.jp/arknightsjp/ノイルホーン_NoirCorne_Icon_size40.jpg" />&nbsp;ノイルホーン</a>
Friston-3,<a href="https://wiki3.jp/arknightsjp/page/1254"><img src="https://img.wiki3.jp/arknightsjp/%E3%83%95%E3%83%AA%E3%82%B9%E3%83%88%E3%83%B33_Friston3_Icon_size40.jpg" />&nbsp;Friston-3</a>
シャイニング,<a href="https://wiki3.jp/arknightsjp/page/119"><img src="https://img.wiki3.jp/arknightsjp/シャイニング_Shining_Icon_size40.jpg" />&nbsp;シャイニング</a>
ナイチンゲール,<a href="https://wiki3.jp/arknightsjp/page/238"><img src="https://img.wiki3.jp/arknightsjp/ナイチンゲール_Nightingale_Icon_size40.jpg" />&nbsp;ナイチンゲール</a>
ルーメン,<a href="https://wiki3.jp/arknightsjp/page/847"><img src="https://img.wiki3.jp/arknightsjp/ルーメン_Lumen_Icon_size40.jpg" />&nbsp;ルーメン</a>
焔影リード,<a href="https://wiki3.jp/arknightsjp/page/1058"><img src="https://img.wiki3.jp/arknightsjp/焔影リード_Reed_the_flame_shadow_Icon_size40.jpg" />&nbsp;焔影リード</a>
サイレンス,<a href="https://wiki3.jp/arknightsjp/page/37"><img src="https://img.wiki3.jp/arknightsjp/サイレント_Silence_Icon_size40.jpg" />&nbsp;サイレンス</a>
ワルファリン,<a href="https://wiki3.jp/arknightsjp/page/129"><img src="https://img.wiki3.jp/arknightsjp/ワルファリン_Warfarin_Icon_size40.jpg" />&nbsp;ワルファリン</a>
フィリオプシス,<a href="https://wiki3.jp/arknightsjp/page/160"><img src="https://img.wiki3.jp/arknightsjp/フィリオプシス_Ptilopsis_Icon_size40.jpg" />&nbsp;フィリオプシス</a>
セイロン,<a href="https://wiki3.jp/arknightsjp/page/161"><img src="https://img.wiki3.jp/arknightsjp/セイロン_Ceylon_Icon_size40.jpg" />&nbsp;セイロン</a>
ブリーズ,<a href="https://wiki3.jp/arknightsjp/page/230"><img src="https://img.wiki3.jp/arknightsjp/ブリーズ_Breeze_Icon_size40.jpg" />&nbsp;ブリーズ</a>
フォリニック,<a href="https://wiki3.jp/arknightsjp/page/470"><img src="https://img.wiki3.jp/arknightsjp/フォリン_Folinic_Icon_size40.jpg" />&nbsp;フォリニック</a>
ウィスパーレイン,<a href="https://wiki3.jp/arknightsjp/page/518"><img src="https://img.wiki3.jp/arknightsjp/ウィスパーレイン_Whisperain_Icon_size40.jpg" />&nbsp;ウィスパーレイン</a>
マルベリー,<a href="https://wiki3.jp/arknightsjp/page/710"><img src="https://img.wiki3.jp/arknightsjp/マルベリー_Malverry_Icon_size40.jpg" />&nbsp;マルベリー</a>
ハニーベリー,<a href="https://wiki3.jp/arknightsjp/page/752"><img src="https://img.wiki3.jp/arknightsjp/ハニーベリー_Honeyberry_Icon_size40.jpg" />&nbsp;ハニーベリー</a>
濯塵ハイビスカス,<a href="https://wiki3.jp/arknightsjp/page/872"><img src="https://img.wiki3.jp/arknightsjp/濯塵ハイビスカス_HibiscusThePurifier_Icon_size40.jpg" />&nbsp;濯塵ハイビスカス</a>
パプリカ,<a href="https://wiki3.jp/arknightsjp/page/1023"><img src="https://img.wiki3.jp/arknightsjp/パプリカ_Paprika_Icon_size40.jpg" />&nbsp;パプリカ</a>
ミルラ,<a href="https://wiki3.jp/arknightsjp/page/15"><img src="https://img.wiki3.jp/arknightsjp/ミルラ_Myrrh_Icon_size40.jpg" />&nbsp;ミルラ</a>
パフューマー,<a href="https://wiki3.jp/arknightsjp/page/120"><img src="https://img.wiki3.jp/arknightsjp/パフューマー_Perfumer_Icon_size40.jpg" />&nbsp;パフューマー</a>
ガヴィル,<a href="https://wiki3.jp/arknightsjp/page/154"><img src="https://img.wiki3.jp/arknightsjp/ガビル_Gavial_Icon_size40.jpg" />&nbsp;ガヴィル</a>
ススーロ,<a href="https://wiki3.jp/arknightsjp/page/162"><img src="https://img.wiki3.jp/arknightsjp/ススーロ_sussurro_Icon_size40.jpg" />&nbsp;ススーロ</a>
セイリュウ,<a href="https://wiki3.jp/arknightsjp/page/410"><img src="https://img.wiki3.jp/arknightsjp/ピュアストリーム_Purestream_Icon_size40.jpg" />&nbsp;セイリュウ</a>
チェストナット,<a href="https://wiki3.jp/arknightsjp/page/818"><img src="https://img.wiki3.jp/arknightsjp/チェストナッツ_Chestnut_Icon_size40.jpg" />&nbsp;チェストナット</a>
ハイビスカス,<a href="https://wiki3.jp/arknightsjp/page/13"><img src="https://img.wiki3.jp/arknightsjp/ハイビスカス_Hibiscus_Icon_size40.jpg" />&nbsp;ハイビスカス</a>
アンセル,<a href="https://wiki3.jp/arknightsjp/page/117"><img src="https://img.wiki3.jp/arknightsjp/アンセル_Ansel_Icon_size40.jpg" />&nbsp;アンセル</a>
Lancet-2,<a href="https://wiki3.jp/arknightsjp/page/39"><img src="https://img.wiki3.jp/arknightsjp/ランセット2_Lancet2_Icon_size40.jpg" />&nbsp;Lancet-2</a>
アンジェリーナ,<a href="https://wiki3.jp/arknightsjp/page/127"><img src="https://img.wiki3.jp/arknightsjp/アンジェリーナ_Angelina_Icon_size40.jpg" />&nbsp;アンジェリーナ</a>
マゼラン,<a href="https://wiki3.jp/arknightsjp/page/211"><img src="https://img.wiki3.jp/arknightsjp/マゼラン_Magallan_Icon_size40.jpg" />&nbsp;マゼラン</a>
スズラン,<a href="https://wiki3.jp/arknightsjp/page/468"><img src="https://img.wiki3.jp/arknightsjp/スズラン_Suzuran_Icon_size40.jpg" />&nbsp;スズラン</a>
濁心スカジ,<a href="https://wiki3.jp/arknightsjp/page/657"><img src="https://img.wiki3.jp/arknightsjp/濁心スカジ_Sukadi_Corrupting_Heart_Icon_size40.jpg" />&nbsp;濁心スカジ</a>
ノーシス,<a href="https://wiki3.jp/arknightsjp/page/767"><img src="https://img.wiki3.jp/arknightsjp/ノーシス_Gnosis_Icon_size40.jpg" />&nbsp;ノーシス</a>
リィン,<a href="https://wiki3.jp/arknightsjp/page/776"><img src="https://img.wiki3.jp/arknightsjp/リン_Ling_icon_size40.jpg" />&nbsp;リィン</a>
ステインレス,<a href="https://wiki3.jp/arknightsjp/page/1024"><img src="https://img.wiki3.jp/arknightsjp/ステンレス_Stainless_Icon_size40.jpg" />&nbsp;ステインレス</a>
淬羽サイレンス,<a href="https://wiki3.jp/arknightsjp/page/1246"><img src="https://img.wiki3.jp/arknightsjp/%E6%B7%AC%E7%BE%BD%E3%82%B5%E3%82%A4%E3%83%AC%E3%83%B3%E3%82%B9_SilenceTheParadigmatic_Icon_size40.jpg" />&nbsp;淬羽サイレンス</a>
プラマニクス,<a href="https://wiki3.jp/arknightsjp/page/142"><img src="https://img.wiki3.jp/arknightsjp/プラマニクス_Pramanix_Icon_size40.jpg" />&nbsp;プラマニクス</a>
イースチナ,<a href="https://wiki3.jp/arknightsjp/page/128"><img src="https://img.wiki3.jp/arknightsjp/イースチナ_Истина_Icon_size40.jpg" />&nbsp;イースチナ</a>
ソラ,<a href="https://wiki3.jp/arknightsjp/page/155"><img src="https://img.wiki3.jp/arknightsjp/ソラ_Sora_Icon_size40.jpg" />&nbsp;ソラ</a>
メイヤー,<a href="https://wiki3.jp/arknightsjp/page/209"><img src="https://img.wiki3.jp/arknightsjp/メイヤー_Mayer_Icon_size40.jpg" />&nbsp;メイヤー</a>
グラウコス,<a href="https://wiki3.jp/arknightsjp/page/163"><img src="https://img.wiki3.jp/arknightsjp/グラーコス_Glaucus_Icon_size40.jpg" />&nbsp;グラウコス</a>
シャマレ,<a href="https://wiki3.jp/arknightsjp/page/404"><img src="https://img.wiki3.jp/arknightsjp/シャマレ_Shamare_Icon_size40.jpg" />&nbsp;シャマレ</a>
ツキノギ,<a href="https://wiki3.jp/arknightsjp/page/460"><img src="https://img.wiki3.jp/arknightsjp/ツキノギ_Tsukinogi_Icon_size40.jpg" />&nbsp;ツキノギ</a>
シーン,<a href="https://wiki3.jp/arknightsjp/page/478"><img src="https://img.wiki3.jp/arknightsjp/シーン_Scene_Icon_size40.jpg" />&nbsp;シーン</a>
九色鹿,<a href="https://wiki3.jp/arknightsjp/page/774"><img src="https://img.wiki3.jp/arknightsjp/クシキカ_NineColoredDeer_icon_size40.jpg" />&nbsp;九色鹿</a>
クエルクス,<a href="https://wiki3.jp/arknightsjp/page/797"><img src="https://img.wiki3.jp/arknightsjp/クエルクス_Quercus_icon_size40.jpg" />&nbsp;クエルクス</a>
ハイディ,<a href="https://wiki3.jp/arknightsjp/page/815"><img src="https://img.wiki3.jp/arknightsjp/ハイディ_Heidi_Icon_size40.jpg" />&nbsp;ハイディ</a>
ウインドフリット,<a href="https://wiki3.jp/arknightsjp/page/848"><img src="https://img.wiki3.jp/arknightsjp/ウィンドフリット_Windflit_Icon_size40.jpg" />&nbsp;ウインドフリット</a>
プロヴァイゾ,<a href="https://wiki3.jp/arknightsjp/page/969"><img src="https://img.wiki3.jp/arknightsjp/プロヴァイゾ_Proviso_Icon_size40.jpg" />&nbsp;プロヴァイゾ</a>
アーススピリット,<a href="https://wiki3.jp/arknightsjp/page/156"><img src="https://img.wiki3.jp/arknightsjp/アーススピリット_Earthspirit_Icon_size40.jpg" />&nbsp;アーススピリット</a>
ディピカ,<a href="https://wiki3.jp/arknightsjp/page/157"><img src="https://img.wiki3.jp/arknightsjp/リピコ_Deepcolor_Icon_size40.jpg" />&nbsp;ディピカ</a>
ポデンコ,<a href="https://wiki3.jp/arknightsjp/page/461"><img src="https://img.wiki3.jp/arknightsjp/ポデンコ_Podenco_Icon_size40.jpg" />&nbsp;ポデンコ</a>
ロベルタ,<a href="https://wiki3.jp/arknightsjp/page/709"><img src="https://img.wiki3.jp/arknightsjp/ロベルタ_roberta_Icon_size40.jpg" />&nbsp;ロベルタ</a>
オーキッド,<a href="https://wiki3.jp/arknightsjp/page/158"><img src="https://img.wiki3.jp/arknightsjp/オーキッド_Orchid_Icon_size40.jpg" />&nbsp;オーキッド</a>
U-Official,<a href="https://wiki3.jp/arknightsjp/page/1190"><img src="https://img.wiki3.jp/arknightsjp/U-Official_U-Official_Icon_size40.jpg" />&nbsp;U-Official</a>
ア,<a href="https://wiki3.jp/arknightsjp/page/411"><img src="https://img.wiki3.jp/arknightsjp/アー_Aak_Icon_size40.jpg" />&nbsp;ア</a>
ファントム,<a href="https://wiki3.jp/arknightsjp/page/403"><img src="https://img.wiki3.jp/arknightsjp/ファントム_Phantom_Icon_size40.jpg" />&nbsp;ファントム</a>
ウィーディ,<a href="https://wiki3.jp/arknightsjp/page/416"><img src="https://img.wiki3.jp/arknightsjp/ウィーディ_Weedy_Icon_size40.jpg" />&nbsp;ウィーディ</a>
グレイディーア,<a href="https://wiki3.jp/arknightsjp/page/652"><img src="https://img.wiki3.jp/arknightsjp/グラディア_Gladiia_Icon_size40.jpg" />&nbsp;グレイディーア</a>
ミヅキ,<a href="https://wiki3.jp/arknightsjp/page/685"><img src="https://img.wiki3.jp/arknightsjp/ミズキ_Mizuki_Icon_size40.jpg" />&nbsp;ミヅキ</a>
リー,<a href="https://wiki3.jp/arknightsjp/page/777"><img src="https://img.wiki3.jp/arknightsjp/リー_Lee_icon_size40.jpg" />&nbsp;リー</a>
帰溟スペクター,<a href="https://wiki3.jp/arknightsjp/page/845"><img src="https://img.wiki3.jp/arknightsjp/帰溟スペクター_SpecterTheUnchained_Icon_size40.jpg" />&nbsp;帰溟スペクター</a>
血掟テキサス,<a href="https://wiki3.jp/arknightsjp/page/1042"><img src="https://img.wiki3.jp/arknightsjp/緘黙テキサス_TexastheOmertosa_Icon_size40.jpg" />&nbsp;血掟テキサス</a>
キリンXヤトウ,<a href="https://wiki3.jp/arknightsjp/page/1162"><img src="https://img.wiki3.jp/arknightsjp/%E3%82%AD%E3%83%AA%E3%83%B3X%E3%83%A4%E3%83%88%E3%82%A6_KirinXYato_Icon_size40.jpg" />&nbsp;キリンXヤトウ</a>
レッド,<a href="https://wiki3.jp/arknightsjp/page/122"><img src="https://img.wiki3.jp/arknightsjp/レッド_Projekt_Red_Icon_size40.jpg" />&nbsp;レッド</a>
エフイーター,<a href="https://wiki3.jp/arknightsjp/page/123"><img src="https://img.wiki3.jp/arknightsjp/エフイーター_FEater_Icon_size40.jpg" />&nbsp;エフイーター</a>
クリフハート,<a href="https://wiki3.jp/arknightsjp/page/124"><img src="https://img.wiki3.jp/arknightsjp/クリフハート_Cliffheart_Icon_size40.jpg" />&nbsp;クリフハート</a>
マンティコア,<a href="https://wiki3.jp/arknightsjp/page/210"><img src="https://img.wiki3.jp/arknightsjp/マンティコア_Manticor_Icon_size40.jpg" />&nbsp;マンティコア</a>
ワイフー,<a href="https://wiki3.jp/arknightsjp/page/232"><img src="https://img.wiki3.jp/arknightsjp/ワイフー_Waai_Fu_Icon_size40.jpg" />&nbsp;ワイフー</a>
スノーズント,<a href="https://wiki3.jp/arknightsjp/page/413"><img src="https://img.wiki3.jp/arknightsjp/スノーゼント_Snowsant_Icon_size40.jpg" />&nbsp;スノーズント</a>
カフカ,<a href="https://wiki3.jp/arknightsjp/page/556"><img src="https://img.wiki3.jp/arknightsjp/カフカ_Kafka_Icon_size40.jpg" />&nbsp;カフカ</a>
ロビン,<a href="https://wiki3.jp/arknightsjp/page/557"><img src="https://img.wiki3.jp/arknightsjp/ロビン_Robin_Icon_size40.jpg" />&nbsp;ロビン</a>
ウユウ,<a href="https://wiki3.jp/arknightsjp/page/578"><img src="https://img.wiki3.jp/arknightsjp/ウユウ_Mr_nothing_Icon_size40.jpg" />&nbsp;ウユウ</a>
Frost,<a href="https://wiki3.jp/arknightsjp/page/609"><img src="https://img.wiki3.jp/arknightsjp/フロスト_Frost_size40.jpg" />&nbsp;Frost</a>
ベナ,<a href="https://wiki3.jp/arknightsjp/page/665"><img src="https://img.wiki3.jp/arknightsjp/ベナ_Bena_Icon_size40.jpg" />&nbsp;ベナ</a>
キララ,<a href="https://wiki3.jp/arknightsjp/page/666"><img src="https://img.wiki3.jp/arknightsjp/キララ_Kirara_icon_size40_.jpg" />&nbsp;キララ</a>
エンフォーサー,<a href="https://wiki3.jp/arknightsjp/page/806"><img src="https://img.wiki3.jp/arknightsjp/エンフォーサー_Enforcer_icon_size40.jpg" />&nbsp;エンフォーサー</a>
カゼマル,<a href="https://wiki3.jp/arknightsjp/page/810"><img src="https://img.wiki3.jp/arknightsjp/カゼマル_Kazemaru_icon_size40.jpg" />&nbsp;カゼマル</a>
スプーリア,<a href="https://wiki3.jp/arknightsjp/page/1312"><img src="https://img.wiki3.jp/arknightsjp/スプーリア_Spuria_Icon_size40.jpg" />&nbsp;スプーリア</a>
ロープ,<a href="https://wiki3.jp/arknightsjp/page/125"><img src="https://img.wiki3.jp/arknightsjp/ロープ_Rope_Icon_size40.jpg" />&nbsp;ロープ</a>
ショウ,<a href="https://wiki3.jp/arknightsjp/page/126"><img src="https://img.wiki3.jp/arknightsjp/ショウ_Shaw_Icon_size40.jpg" />&nbsp;ショウ</a>
グラベル,<a href="https://wiki3.jp/arknightsjp/page/159"><img src="https://img.wiki3.jp/arknightsjp/グラベル_Gravel_Icon_size40.jpg" />&nbsp;グラベル</a>
イーサン,<a href="https://wiki3.jp/arknightsjp/page/231"><img src="https://img.wiki3.jp/arknightsjp/イーサン_Ethan_Icon_size40.jpg" />&nbsp;イーサン</a>
ジェイ,<a href="https://wiki3.jp/arknightsjp/page/486"><img src="https://img.wiki3.jp/arknightsjp/ジェイ_Jaye_Icon_size40.jpg" />&nbsp;ジェイ</a>
THRM-EX,<a href="https://wiki3.jp/arknightsjp/page/419"><img src="https://img.wiki3.jp/arknightsjp/THRM_EX_Icon_size40.jpg" />&nbsp;THRM-EX</a>
ストームアイ,<a href="https://wiki3.jp/arknightsjp/page/598"><img src="https://img.wiki3.jp/arknightsjp/Stormeye_Icon_size40.jpg" />&nbsp;ストームアイ</a>
ピス,<a href="https://wiki3.jp/arknightsjp/page/596"><img src="https://img.wiki3.jp/arknightsjp/Pith_Icon_size40.jpg" />&nbsp;ピス</a>
シャープ,<a href="https://wiki3.jp/arknightsjp/page/597"><img src="https://img.wiki3.jp/arknightsjp/Sharp_Icon_size40.jpg" />&nbsp;シャープ</a>
タッチ,<a href="https://wiki3.jp/arknightsjp/page/599"><img src="https://img.wiki3.jp/arknightsjp/Touch_Icon_size40.jpg" />&nbsp;タッチ</a>
チューリップ,<a href="https://wiki3.jp/arknightsjp/page/1011"><img src="https://img.wiki3.jp/arknightsjp/Tulip_Tulip_Icon_size40.jpg" />&nbsp;チューリップ</a>
予備隊員-狙撃,<a href="https://wiki3.jp/arknightsjp/page/601"><img src="https://img.wiki3.jp/arknightsjp/Sniper_Icon_size40.jpg" />&nbsp;予備隊員-狙撃</a>
予備隊員-術師,<a href="https://wiki3.jp/arknightsjp/page/602"><img src="https://img.wiki3.jp/arknightsjp/Caster_Icon_size40.jpg" />&nbsp;予備隊員-術師</a>
予備隊員-近距離,<a href="https://wiki3.jp/arknightsjp/page/603"><img src="https://img.wiki3.jp/arknightsjp/Melee_Icon_size40.jpg" />&nbsp;予備隊員-近距離</a>
予備隊員-支援,<a href="https://wiki3.jp/arknightsjp/page/600"><img src="https://img.wiki3.jp/arknightsjp/Logistic_Icon_size40.jpg" />&nbsp;予備隊員-支援</a>
予備隊員-重装,<a href="https://wiki3.jp/arknightsjp/page/1012"><img src="https://img.wiki3.jp/arknightsjp/Defender_Defender_Icon_size40.jpg" />&nbsp;予備隊員-重装</a>
